Restaurant Names,Rating,Rating Count,Coordinates,Addresses
Arqayadzor,4.5,12 reviews,"40.198288,44.551083",
Daboo Bar,5.0,32 reviews,"40.189556,44.515781",
Old Erivan,3.0,211 reviews,"40.184277,44.514969",
L'Atelier,4.5,6 reviews,"40.183098,44.510418",
Charentsi 28 Restaurant,4.5,179 reviews,"40.179295,44.527367",
Arishta,5.0,2 reviews,"40.206539,44.512508",
Al Mayass Yerevan,4.5,38 reviews,"40.189388,44.514519",
the bottle room,No rating,0 reviews,Not available,"Byron 4, Yerevan 0001 Armenia"
Moon Cafe & Hookah Lounge,No rating,0 reviews,"40.184711,44.509232",
BayRoute Pub,4.5,3 reviews,"40.183674,44.506168",
Yellow street,4.5,3 reviews,Not available,"10.Tumanyan str. 40-63, Yerevan 0060 Armenia"
Lebanon Tavern,3.5,10 reviews,"40.189507,44.514915",
Futuretour Teahouse,5.0,4 reviews,"40.179996,44.517696",
CoffeeStar,5.0,3 reviews,"40.186028,44.516003",
Level Eleven Rooftop Restaurant,4.5,12 reviews,"40.180313,44.514687",
Limone Cascade,5.0,793 reviews,"40.189682,44.515354",
Karas,4.0,5 reviews,"40.217808,44.581909",
Varonna Bar,5.0,3 reviews,Not available,"Mashtots, Yerevan Armenia"
Aroma Lounge,5.0,2 reviews,"40.186497,44.519131",
Mediterraneo Pizza,3.5,7 reviews,Not available,"Italy St 1 Best Western Congress Hotel, Yerevan 0013 Armenia"
Rehani Grillhouse,5.0,4 reviews,"40.190094,44.480972",
Amigo Latino Club,4.5,30 reviews,"40.189632,44.524754",
Venice Restaurant & Cafe,No rating,0 reviews,"40.197273,44.522060",
The Italian Armenia,4.0,108 reviews,"40.177105,44.516212",
Kebabji,4.5,10 reviews,"40.184006,44.513927",
Pasticceria,No rating,0 reviews,"40.178246,44.519783",
ELIZA Cafe & Restaurant,No rating,0 reviews,"40.174187,44.521641",
Gemini Cafeteria,4.5,14 reviews,"40.186111,44.512024",
People's Gastro Cafe,4.5,9 reviews,"40.189163,44.514889",
Bella Italia,4.0,26 reviews,Not available,"Abovyan str. 7, Yerevan 0001 Armenia"
Our Village / Mer Gyugh Restaurant,4.0,203 reviews,"40.183277,44.516270",
Dostoevsky Club Restaurant,4.0,1 review,"40.164307,44.417480",
Mane,4.5,16 reviews,"40.177101,44.515930",
Burgery Angus & More,No rating,0 reviews,Not available,"Amiryan St., 3/37, Yerevan 0010 Armenia"
Vinograd,5.0,508 reviews,"40.177803,44.519108",
Balzac Coffee Shop & Bakery drive thru,No rating,0 reviews,Not available,"Zvartnots Airport Highway, Yerevan 536748 Armenia"
Yum Yum Donuts,4.0,10 reviews,"40.186005,44.521057",
3 Bros - Corner Grill,4.5,7 reviews,"40.183193,44.511990",
The Kond House,4.5,8 reviews,"40.180439,44.502907",
Hin Zangezur Tavern,4.5,450 reviews,"40.178131,44.504040",
Verev Rooftop,5.0,32 reviews,"40.181255,44.515705",
Dari Pandok,5.0,38 reviews,"40.179699,44.516479",
Valem Plaza Restaurant,5.0,1 review,"40.190994,44.472141",
Sector Dacha,5.0,3 reviews,"40.182167,44.524780",
Minour,5.0,3 reviews,"40.178921,44.509232",
Crepe House,5.0,1 review,Not available,"Abovyan str. 8, Yerevan 0010 Armenia"
L'Orange,4.0,15 reviews,"40.182957,44.516346",
Heisenberg Pub,5.0,1 review,Not available,"Pushkin 39, Yerevan Armenia"
Fazenda Restaurant,No rating,0 reviews,"40.229565,44.597466",
Karas,No rating,0 reviews,"40.151894,44.496807",
Casa Del Vino,5.0,4 reviews,"40.174335,44.521271",
Sherep Restaurant,5.0,"2,442 reviews","40.178471,44.511311",
Los Pueblos,4.5,67 reviews,"40.190197,44.515816",
Talk2Me English Cafe,No rating,0 reviews,"40.186378,44.513611",
Rialto Italian Diner - Cafe,4.5,46 reviews,"40.186726,44.521137",
Black Angus Yerevan,5.0,"1,740 reviews","40.180176,44.514652",
Muscat Cafe,4.5,15 reviews,"40.180664,44.510078",
Proshyan Shaurma,4.5,7 reviews,Not available,"Prosh'yana str. 42, Yerevan 0019 Armenia"
MR Barbeque,5.0,3 reviews,Not available,"7.Sayat Nova str. 20, Yerevan 0060 Armenia"
Top Snack,No rating,0 reviews,Not available,"Anrapyetutsyan str. 49/8, Yerevan 0010 Armenia"
Trapeza Cafe Restaurant,5.0,9 reviews,"40.182873,44.512676",
Veg & Co. Yerevan - Vegetarian Cafe & More,No rating,0 reviews,"40.183578,44.508701",
Khurjin Tavern,5.0,44 reviews,"40.198708,44.368725",
New Tao,4.0,4 reviews,"40.187141,44.510895",
Magnolia Bar & Restaurant,4.0,30 reviews,"40.185513,44.514050",
Mr. Gyros,3.5,6 reviews,"40.183151,44.515980",
Degustation,4.5,8 reviews,"40.203613,44.499313",
Yum Yum Donuts,3.5,2 reviews,Not available,"Mashtots M. ave 35, Yerevan 0002 Armenia"
Cafe Merci,5.0,40 reviews,"40.180584,44.520226",
Saryan’ Notes,4.5,13 reviews,"40.187065,44.509697",
"Suliko, Georgian Restaurant",4.0,22 reviews,"40.183147,44.522545",
Eat Meat,No rating,0 reviews,Not available,"Komitas ave 51, Yerevan 0014 Armenia"
Aires,5.0,42 reviews,"40.182262,44.511749",
JAZZVE Coffee,3.5,97 reviews,"40.179295,44.513813",
Gusto,4.0,83 reviews,"40.182964,44.517887",
Wine Time,5.0,18 reviews,"40.176624,44.506115",
Backyard,5.0,4 reviews,"40.193768,44.504482",
Mihul Indian Restaurant,4.5,21 reviews,"40.185162,44.525459",
Shiba Saloon Bar,5.0,4 reviews,"40.181587,44.512897",
Hans&Franz,3.5,88 reviews,"40.186790,44.508465",
Adastra Restaurant & Bar,3.5,2 reviews,"40.197102,44.518539",
La Boca,No rating,0 reviews,"40.173466,44.506256",
Babylon Restaurant,5.0,107 reviews,"40.183178,44.507580",
Golden Fork,No rating,0 reviews,Not available,"Israelian St., 73, Yerevan Armenia"
Igdir Restaurant Complex,4.5,11 reviews,"40.187702,44.581421",
Oud Mezze House,5.0,2 reviews,"40.185631,44.511200",
Poplavok Jazz Cafe,3.5,23 reviews,"40.188316,44.518902",
Al Forno Pizzeria,No rating,0 reviews,Not available,"Tsarav Aghbyur 55/11, Yerevan Armenia"
Sorriso Cafe Gelateria,4.5,98 reviews,"40.181767,44.514210",
La Villa,No rating,0 reviews,"40.201038,44.567421",
Bakeryerevan,5.0,17 reviews,"40.178387,44.518116",
UnderGround Pub,4.5,10 reviews,Not available,"Nalbandyan str. 48, Yerevan 0010 Armenia"
Moyka Garage Bar,5.0,2 reviews,"40.180386,44.503048",
Like Cafe & Bar,5.0,6 reviews,"4.542380,-75.670738",
5th Element,No rating,0 reviews,Not available,"28 Moskovyan Street, Yerevan Armenia"
Urban Beer House,4.0,9 reviews,Not available,"Komitas Avenue, Yerevan Armenia"
Buro,4.5,16 reviews,"40.179714,44.515507",
Das,4.0,1 review,"40.189529,44.521023",
Temurnots,4.0,52 reviews,"40.189228,44.515865",
Abu Hagop Restaurant,4.0,18 reviews,"40.183201,44.512344",
Mandarin Lounge,5.0,1 review,"40.182228,44.520294",
The Venue,4.5,8 reviews,"40.188095,44.514004",
Restoran № 8,No rating,0 reviews,Not available,"7.Sayat Nova str. 1/32, Yerevan 0060 Armenia"
Daphny Restaurant,No rating,0 reviews,Not available,"Saryan 1, Yerevan 0010 Armenia"
Cafe Rich,2.5,51 reviews,"40.184715,44.515526",
Batoni Restaurant & Beer House,No rating,0 reviews,"40.169586,44.507614",
Eat&Fit Healthy Food Cafe,4.5,325 reviews,"40.183754,44.507442",
Asador,4.0,50 reviews,"40.189064,44.519756",
The Red Hat,No rating,0 reviews,Not available,"Mesrop Mashtots Ave., 38, Yerevan 0002 Armenia"
Forty-Nine Pub,No rating,0 reviews,"40.185265,44.508678",
At Artush,4.5,158 reviews,"40.175171,44.509579",
Yerevans,5.0,1 review,"40.184139,44.511158",
Wok&Roll,No rating,0 reviews,"40.180676,44.522610",
Sham Nargila,5.0,2 reviews,"40.186584,44.525227",
Nreni Restaurant,No rating,0 reviews,"40.172371,44.519901",
Kozyrek,4.0,1 review,Not available,"Mashtots M. ave 37/1, Yerevan 0002 Armenia"
JCook Restaurant,No rating,0 reviews,Not available,"6 Saryan, Yerevan 0002 Armenia"
Armat,5.0,71 reviews,"40.183922,44.513733",
Kaskad Balkon,3.5,3 reviews,"40.190228,44.515579",
Havlabar,No rating,0 reviews,"40.223614,44.505806",
Narana Food Home,No rating,0 reviews,Not available,"Artsakh Ave., 18, Yerevan 0005 Armenia"
Tri Tolstyaka,4.5,5 reviews,Not available,"Nar Dos St., 88 Mashtoc 20, Yerevan Armenia"
Jambo Exotic Park Restaurant,4.5,10 reviews,"40.202839,44.641098",
Yntaniq  Restaurant,No rating,0 reviews,"40.157219,44.461601",
The Coffee City,3.0,8 reviews,"40.184116,44.514458",
The Old Mill Tavern,4.0,2 reviews,"40.219761,44.565144",
El Chillout,5.0,61 reviews,"40.186806,44.481415",
Room5,5.0,44 reviews,"40.186951,44.512302",
Forty Four Sky Bar,5.0,8 reviews,"40.189220,44.512466",
Grand Candy,5.0,2 reviews,"40.190208,44.519039",
Marush Sweets Boutique,4.0,1 review,"40.185944,44.518036",
Wasabi,3.0,59 reviews,"40.179840,44.514210",
Salt & Pepper,4.5,19 reviews,"40.181015,44.515617",
La Piazza,4.0,193 reviews,"40.182079,44.514786",
The Coffee 23. 5,5.0,2 reviews,"40.186993,44.509613",
Bottega Del Vino by Aperitivo,5.0,1 review,Not available,"Tumanyan O. str. 34, Yerevan 0001 Armenia"
Local's by Baguettes & Delices,4.5,30 reviews,"40.188644,44.517372",
Giovanni Restaurant and Jisnots Bar,5.0,5 reviews,"40.188408,44.516289",
Mojo,No rating,0 reviews,Not available,"Admiral Isakov Ave., 2/1, Yerevan 0004 Armenia"
Khatoon,No rating,0 reviews,Not available,"10.Tumanyan str. 9/1, Yerevan 0060 Armenia"
Art Cafe Van Gogh,4.5,31 reviews,"40.185635,44.512482",
Urartu Restaurant,3.5,8 reviews,"40.182209,44.499020",
Novelletta,No rating,0 reviews,Not available,"Koryun19/1, Yerevan 0009 Armenia"
Rawshe Restaurant,No rating,0 reviews,Not available,"Khanjyan 33, Yerevan 0010 Armenia"
Yard Yerevan,5.0,32 reviews,"40.188049,44.522221",
Byblos Grill and Bakery,5.0,17 reviews,"40.183640,44.509304",
Zangou Restaurant Complex,4.0,2 reviews,"40.192478,44.483536",
The Tolma,5.0,262 reviews,"40.182556,44.516979",
Keerk&Co,5.0,1 review,"40.189274,44.512852",
John 3:16 Street Food,5.0,2 reviews,"40.177605,44.518940",
Skyline Restaurant & Bar,5.0,1 review,"40.176765,44.522827",
Rooftop Official,4.5,10 reviews,"40.184361,44.501751",
Don Quixote Restaurant,4.5,14 reviews,"40.146774,44.490906",
"Miracle, Yerevan",2.5,2 reviews,Not available,"Hrazdan River - Gorge, Yerevan 0013 Armenia"
Devin or Tevin,4.0,1 review,Not available,"Tumanyan street, Yerevan Armenia"
Modi Art Cafe,4.0,4 reviews,"40.187046,44.509693",
Smoking Hookah Lounge,No rating,0 reviews,Not available,"Komitas ave 8, Yerevan 0033 Armenia"
Torro Grill,No rating,0 reviews,Not available,"Aram St.,35, Yerevan 0002 Armenia"
Caucasus Tavern,4.0,463 reviews,"40.233608,44.438183",
DIVINO Wine Bar,4.0,19 reviews,"40.188797,44.515408",
Beirut Bar & Restaurant,4.5,21 reviews,"40.189308,44.514820",
Ayas-Kilikia,4.0,71 reviews,"40.178711,44.521820",
Old Friends Eco Tavern,4.0,11 reviews,"40.176426,44.515366",
Factory,4.5,6 reviews,Not available,"Parpyetsi str. 14, Yerevan 0002 Armenia"
New Astral Cafe,5.0,1 review,"40.155704,44.524937",
Bellagio Restaurant,4.5,34 reviews,"40.192406,44.533051",
Simona Bar,4.5,24 reviews,"40.183823,44.507786",
Hookah Town,5.0,3 reviews,"40.182076,44.517334",
Tun Lahmajo,4.5,183 reviews,"40.182873,44.514538",
Chaihona,4.0,109 reviews,"40.182903,44.515026",
Process,3.5,2 reviews,Not available,"Saryan 1a, Yerevan 001 Armenia"
Old Beijing,3.5,51 reviews,"40.179764,44.521046",
Art Lunch,No rating,0 reviews,"40.173443,44.506088",
Aintab Lahmajoun,4.5,16 reviews,Not available,"Tumanian Street, Yerevan Armenia"
Shah Pizza,2.5,24 reviews,Not available,"Mashtots M. ave 34/1, Yerevan 0002 Armenia"
Askana Restaurant,No rating,0 reviews,Not available,"Pushkina st., 15a, Yerevan Armenia"
MAMA JAN,5.0,3 reviews,"40.174946,44.509510",
Master Chef,5.0,5 reviews,"40.180145,44.510796",
Meeting Point Cafe,4.0,46 reviews,"40.177864,44.511692",
Real Yummy Bagels,1.0,1 review,"40.182140,44.518318",
Meloman Restaurant,4.0,6 reviews,"40.188217,44.519718",
Artashi Mot,4.0,355 reviews,"40.171173,44.517700",
KFC,4.0,19 reviews,Not available,"Northern Avenue 1, Yerevan 0013 Armenia"
Melrose Pub & Bar,4.5,30 reviews,"40.182938,44.512314",
W1neroom,5.0,1 review,"40.187271,44.509979",
The Park Cafe,4.0,32 reviews,"40.188202,44.520382",
Grammy,4.0,22 reviews,"40.185532,44.516228",
Abovyan 12,4.0,173 reviews,"40.180832,44.516155",
Arami Restaurant,5.0,16 reviews,"40.180573,44.512329",
Retro Cafe,4.0,51 reviews,"40.190002,44.515503",
Wheelbury Sweets,4.5,2 reviews,"40.181881,44.512371",
Grtnak,5.0,3 reviews,"40.185131,44.509087",
In Vino,5.0,586 reviews,"40.186928,44.509029",
EG Smoke Restaurant,5.0,1 review,"40.185177,44.524120",
Martini Royale,4.5,56 reviews,"40.181736,44.516754",
Pekin,3.5,7 reviews,"40.180813,44.522575",
Karap Cafe,4.0,5 reviews,"40.175858,44.522923",
Balatoon Cherry House,4.5,10 reviews,"40.201988,44.497242",
Karas Nor-Nork,3.5,17 reviews,"40.200672,44.566261",
Yerevan Tun,3.5,8 reviews,"40.179699,44.516483",
Kavkazskaya Plennitsa,4.0,"1,156 reviews","40.179485,44.510376",
Falafel Al Darwandy,5.0,5 reviews,"40.164471,44.513973",
moscafe,4.0,41 reviews,"40.182064,44.517334",
Tsirani Home Restaurant,4.5,170 reviews,"40.182034,44.515396",
X-planet,4.5,3 reviews,Not available,"Komitas ave 56/4, Yerevan 0014 Armenia"
Espress It,No rating,0 reviews,"40.183601,44.514446",
Malocco Cafe,4.5,220 reviews,"40.189018,44.514973",
Giardino,5.0,4 reviews,"40.192238,44.504166",
Bake Point,4.5,2 reviews,"40.189171,44.515869",
Beer Academy Ethnograph,3.0,1 review,"40.180801,44.515614",
Family Cafe,No rating,0 reviews,"40.183762,44.508060",
Afamia,No rating,0 reviews,Not available,"62 Republic Street 1, Yerevan 00001 Armenia"
Mon Cafe,4.0,39 reviews,"40.179512,44.510651",
Subtitle,4.0,19 reviews,"40.189522,44.520065",
Sedvi Tavern,5.0,5 reviews,"40.184029,44.513645",
Barcode,5.0,56 reviews,"40.182842,44.510372",
Karas National Food Chain,4.0,65 reviews,"40.174709,44.521091",
Aperitivo,4.5,147 reviews,"40.188770,44.515228",
Smak Salad,4.0,23 reviews,"40.189274,44.517197",
Basturma Cafe-Store,3.5,8 reviews,"40.180969,44.515499",
Mamulyan's Club,No rating,0 reviews,Not available,"Eznik Koghbatsi 51 10 Taracq, Yerevan 0013 Armenia"
Lagonid Bistro-Cafe,4.5,100 reviews,"40.183136,44.522511",
Tawouk,4.5,11 reviews,Not available,"Kokhbatsi str. 39, Yerevan 0010 Armenia"
Arabica,No rating,0 reviews,"40.181709,44.513027",
Monarch,4.5,14 reviews,"40.189171,44.521637",
Italiano Ristorante,4.0,7 reviews,"40.180695,44.515244",
Mr. Freeman - Bar & Eatery,No rating,0 reviews,"40.184410,44.510044",
Gastropolis,4.0,81 reviews,"40.175934,44.509903",
Mussa Restaurant & Cafe,No rating,0 reviews,"40.187206,44.509918",
Genacvale Pandok,4.5,108 reviews,"40.177692,44.503006",
Afrikyanneri Pandok,5.0,2 reviews,Not available,"Pushkina St., 1, Yerevan Armenia"
Zangezur Family Restaurant,4.5,27 reviews,"40.206699,44.527096",
Cascade Royal,4.0,133 reviews,"40.193089,44.514458",
Charlisa Cafe Bakery,3.0,4 reviews,"40.182346,44.515877",
InFusion Bar & Restaurant,5.0,1 review,"40.220470,44.494335",
Rostinni,5.0,2 reviews,"40.182949,44.516663",
Genacvale Pandok,4.0,18 reviews,"40.206367,44.506462",
Dukhov Hakhtanak Tchasharan,No rating,0 reviews,"40.171627,44.519241",
Mansarda,4.0,1 review,"40.188217,44.519718",
Cedar of Lebanon Armenia,4.5,9 reviews,Not available,"Abovyan str. 39, Yerevan 0009 Armenia"
Karloff Czech Brewery-Restaurant,4.0,47 reviews,"40.187729,44.514000",
Pizza Milano,4.5,3 reviews,Not available,"Arshakunyats ave 34/3 Yerevan mall, Yerevan 0026 Armenia"
Merhatsy Bakery,No rating,0 reviews,"40.200043,44.497723",
Roof18n,No rating,0 reviews,"40.188797,44.513676",
Oriento Restaurant,No rating,0 reviews,"40.182686,44.520504",
Ankyun,4.5,139 reviews,"40.178852,44.517624",
Mad Bar,No rating,0 reviews,"40.186123,44.517208",
Hin Areni Hall & Wine Bar,5.0,13 reviews,"40.183380,44.519608",
Ararat Pandok,5.0,15 reviews,"40.184727,44.517830",
Chinar restaurant,4.5,15 reviews,"40.188076,44.511681",
Fratelli Cafe,No rating,0 reviews,"40.205193,44.517330",
Zeituna,4.5,112 reviews,"40.189487,44.514332",
HyeLandz,4.5,25 reviews,"40.153336,44.650574",
Mimino Restaurant,4.0,58 reviews,"40.178341,44.524754",
Megerian Carpet Restaurant,4.5,17 reviews,"40.155251,44.494148",
Secret Garden,5.0,4 reviews,Not available,"Tsitsernakaberd Park 8, Yerevan 0013 Armenia"
Thai Take Away,No rating,0 reviews,"40.175652,44.519497",
Bar B.Q.,No rating,0 reviews,"40.182690,44.512817",
Beermood,No rating,0 reviews,"40.184135,44.519394",
Purple Rain Bar & Cafe,5.0,2 reviews,"40.181633,44.512608",
1st Floor,No rating,0 reviews,"40.181000,44.515736",
Masoor Restaurant,5.0,16 reviews,"40.177097,44.515713",
Mer Toune Restaurant,4.5,13 reviews,"40.174229,44.456203",
Grigoryan's,5.0,2 reviews,"40.153191,44.499470",
Yerevan Sky,No rating,0 reviews,"40.199375,44.476452",
Balatun,4.0,6 reviews,Not available,"Komitas ave 16, Yerevan 0012 Armenia"
Face Food,4.5,10 reviews,"40.169563,44.513130",
Purpur Indie Cafe,5.0,1 review,Not available,"Parpyetsi str. 16, Yerevan 0002 Armenia"
Life Food,5.0,18 reviews,"40.183456,44.504292",
Kamurj,4.5,2 reviews,"40.162407,44.512642",
Thaiwine Republic,4.5,42 reviews,"40.181110,44.514759",
Impresso Coffee Shop,4.0,78 reviews,"40.178768,44.517746",
Soho Place,5.0,4 reviews,"40.175453,44.521767",
Sabroso,4.0,6 reviews,"40.186157,44.516533",
HighRest Restaurant,5.0,22 reviews,"40.183319,44.516144",
Square One,4.0,169 reviews,"40.179962,44.514347",
CoffeeTalk,No rating,0 reviews,"40.188137,44.513374",
Shaurma Club Bistro,4.5,74 reviews,"40.179134,44.510307",
Karas National Food Chain,3.5,4 reviews,"40.201099,44.501534",
Fry Day,4.5,21 reviews,"40.206211,44.518883",
Ojax,4.0,5 reviews,"40.188194,44.519882",
Panda Hookah,4.0,25 reviews,"40.187260,44.509296",
Big Book,5.0,1 review,"40.182228,44.524811",
POS,No rating,0 reviews,"40.188946,44.513073",
Tumanyan Shaurma,No rating,0 reviews,"40.206570,44.513107",
Vino del Nord,4.0,5 reviews,"40.183643,44.515240",
Big And Tasty,5.0,36 reviews,"40.175339,44.519855",
Maza by Mandaloun,4.0,10 reviews,"40.182903,44.512600",
El Taco,5.0,2 reviews,"40.182949,44.516663",
Voski Restaurant,5.0,4 reviews,"40.184006,44.519596",
Artashi Mot,5.0,3 reviews,Not available,"Moskovskaya, 31, Yerevan 0028 Armenia"
Baffles,5.0,2 reviews,"40.171524,44.512978",
Leo Cafe Restaurant,5.0,4 reviews,"40.188858,44.518810",
Wasabi,4.5,13 reviews,"40.180000,44.514168",
Zatar Pizza,4.5,88 reviews,"40.175491,44.513332",
Retro Bar,4.0,7 reviews,"40.189819,44.515671",
Lebanon Shawarma,3.0,10 reviews,"40.182846,44.516685",
Terrazza,4.5,62 reviews,"40.188595,44.520222",
Vienna Cafe and Kitchen,4.5,60 reviews,"40.181484,44.515255",
Artbridge Bookstore Cafe,4.5,142 reviews,"40.182686,44.518314",
Loft Room,4.0,14 reviews,"40.180901,44.514732",
Old Town,4.5,42 reviews,"40.181393,44.510880",
Qaghaq Pandok,4.0,17 reviews,"40.175735,44.514244",
Burger Bar,5.0,2 reviews,"40.181274,44.518681",
PaddonOK,5.0,1 review,"40.185101,44.517521",
akanat,4.5,7 reviews,Not available,"Koghbaci 28, Yerevan 0001 Armenia"
View Cafe & Restaurant,5.0,4 reviews,"40.186520,44.513744",
Patio Restaurant,4.5,37 reviews,"40.181435,44.515224",
Gata Tavern,4.5,383 reviews,"40.181419,44.518890",
Lennon Gastro Pub,5.0,1 review,"40.181110,44.507298",
Kololak Restaurant,5.0,5 reviews,"40.175186,44.521172",
Bogossians’ Sweets Boutique,No rating,0 reviews,"40.190464,44.479694",
Sakurada,4.5,128 reviews,"40.181381,44.519310",
26 Irish Pub,4.0,23 reviews,"40.185741,44.511589",
Accent by Gayane Breiova,4.5,10 reviews,"40.175404,44.508812",
Cup O' Joy,No rating,0 reviews,"40.206753,44.518520",
Zolotaya Vilka,4.0,1 review,Not available,"Isayelyan R. str. 73 Crossing Paronyan St., Yerevan 0015 Armenia"
Flagman,4.0,13 reviews,"40.178719,44.524509",
Elie's Lahmajun,5.0,46 reviews,"40.174145,44.510857",
Saint Tropez,3.5,12 reviews,"40.185829,44.516048",
Hookah Snake,No rating,0 reviews,"40.182449,44.506699",
Diamond Pizza,3.0,83 reviews,"40.178715,44.513191",
The Coast Yerevan,4.5,88 reviews,"40.188911,44.515724",
ARIES Modern Lunch Hall,No rating,0 reviews,"40.155704,44.524937",
Dialogue Cafe Restaurant,5.0,2 reviews,"40.200424,44.521397",
Milos Greek Tavern,4.5,38 reviews,"40.181503,44.519817",
Panorama Lounge Bar,4.5,11 reviews,"40.174107,44.505638",
Mozaic Sky Restaurant,4.5,170 reviews,"40.175156,44.510075",
Avenue 37,5.0,3 reviews,Not available,"Mashtots M. ave 37, Yerevan 0002 Armenia"
Face Pub,No rating,0 reviews,"40.182949,44.516663",
Fidji,No rating,0 reviews,Not available,"Davit Bek 286/7, Yerevan 0062 Armenia"
Gini Restaurant,5.0,1 review,"40.178860,44.506653",
Saryan Notes,5.0,4 reviews,"40.187046,44.509693",
Hindenburg Pub,3.5,3 reviews,"40.188988,44.513058",
Abu Hagop Sandwich,4.0,6 reviews,"40.183506,44.511814",
August Cafeteria,4.0,68 reviews,"40.189037,44.515751",
Zion Kosher Restaurante,4.5,12 reviews,"40.192024,44.503891",
Mane Cocktail Bar,4.5,2 reviews,"40.187107,44.509701",
Bravo,5.0,2 reviews,"40.200314,44.498657",
Old Faeton,No rating,0 reviews,"40.208366,44.529022",
Jose Cafe Club Restaurant,4.0,57 reviews,"40.175632,44.521606",
La Folie,4.0,2 reviews,"40.183308,44.519714",
Pioneer Brazilian Restaurant,3.5,15 reviews,Not available,"Baghramyan Ave 2, Yerevan Armenia"
Koziryok,4.0,18 reviews,"40.186569,44.514004",
Tom Collins,4.5,22 reviews,"40.182896,44.512039",
1880 Bar & More,4.5,18 reviews,"40.187946,44.510731",
Vertigo Lounge Bar,No rating,0 reviews,Not available,"Bagramyan Marshal ave 1/3 Opera Suite Hotel, 13 floor, Yerevan 0019 Armenia"
Yans,4.5,49 reviews,"40.190361,44.524113",
The Vineyard Restaurant,No rating,0 reviews,"40.187828,44.522007",
AKO Sushi,4.0,20 reviews,"40.185242,44.516388",
Dos Amigos Cafe Restaurant,1.0,1 review,"40.183331,44.511452",
GREENHOUSE,1.0,1 review,"40.182285,44.514488",
Monte Cristo,4.5,40 reviews,"40.188999,44.500343",
Monroe Cafe & Lounge,4.0,5 reviews,"40.182064,44.517334",
Dragon china restaurant,4.5,19 reviews,"40.187031,44.513966",
Tavern Yerevan,4.5,319 reviews,"40.172958,44.511425",
Sweet Mood,No rating,0 reviews,"40.178501,44.519897",
Bardiner Restaurant,4.0,18 reviews,Not available,"Hrazdan Gorge 71, Yerevan 0050 Armenia"
Sommelier Wine Bar/Gallery,4.0,5 reviews,Not available,"Tumanyan O. str. 34, Yerevan 0001 Armenia"
Laziz Armenia,5.0,1 review,"40.178970,44.509483",
PitStop Burger,4.5,6 reviews,"40.184219,44.510391",
Mr.Shadow,3.0,1 review,Not available,"Gazar Parpyettsi str. 26, Yerevan 0002 Armenia"
M Cafe,3.0,7 reviews,"40.183846,44.506950",
Mangiare Restaurant Cafe and Bakery,4.5,7 reviews,"40.174984,44.520130",
Escobar Hookah,5.0,3 reviews,Not available,"Yeznik Koghbatsi St.,51, Yerevan 0002 Armenia"
Alaska by Hans&Franz,4.5,20 reviews,"40.182995,44.508568",
La Familia,4.5,6 reviews,"40.212662,44.522587",
Take Away Kitchen-Shop,5.0,2 reviews,"40.186440,44.513153",
PH Lounge Cafe,4.5,7 reviews,"40.185020,44.514626",
Metelitsa,3.0,1 review,"40.182087,44.509335",
Pharaon Restaurant,4.0,9 reviews,"40.253456,44.592052",
La Petit Paris,No rating,0 reviews,Not available,"Abovyan str. 23, Yerevan 0009 Armenia"
Verona,4.5,18 reviews,"40.186413,44.522789",
Samurai Sushi Bar,3.5,23 reviews,"40.188889,44.513996",
Rehan Cafe & Restaurant,No rating,0 reviews,"40.189552,44.514069",
Red Rock Music Pub,5.0,2 reviews,"40.180588,44.520195",
MacGuffin Art House,3.5,6 reviews,"40.185093,44.510727",
Santa Fe,3.0,60 reviews,"40.188038,44.515255",
Paulaner,4.5,13 reviews,Not available,"Teryan St. 19, Yerevan 0013 Armenia"
Mary Bakery,4.5,2 reviews,"40.179012,44.509857",
Bonapart Cafe & Pastry Shop,5.0,4 reviews,"40.186577,44.511742",
Coffee Charge by Diamond,4.0,1 review,"40.175983,44.517441",
MEZZO,4.5,206 reviews,"40.188557,44.520302",
Armhookah,5.0,16 reviews,"40.183613,44.514084",
Sicilia Restaurant,5.0,6 reviews,"40.204735,44.502728",
Ost Bistro,4.5,60 reviews,"40.181049,44.508194",
Marilda Restaurant & Café,4.5,12 reviews,"40.187202,44.515209",
Karma Indian Restaurant,4.0,147 reviews,"40.185951,44.518250",
Drakht Restaurant,4.0,5 reviews,"40.209286,44.559933",
Dream's Music Cafe,No rating,0 reviews,"40.182228,44.520348",
Urban Beerhouse & Restaurant,4.0,9 reviews,"40.178810,44.504852",
LavAzza Coffee Cup,4.5,2 reviews,Not available,"Zvartnots International Airport, Yerevan 0042 Armenia"
SteakOut Grill House,No rating,0 reviews,"40.189064,44.518398",
Voodoo Hookah Lounge,5.0,52 reviews,"40.178234,44.527554",
JJ Lounge Club,No rating,0 reviews,"40.183899,44.515057",
Big Boq,3.5,5 reviews,Not available,"Vardanantsa str. 7, Yerevan 0010 Armenia"
Black Star Burger,4.0,65 reviews,"40.179855,44.514030",
Dolma Restaurant,5.0,6 reviews,"40.220047,44.491371",
Rush Music Club,4.5,3 reviews,"40.179794,44.506306",
Parvana,3.5,25 reviews,Not available,"Razdanskoye Ushhelye, Yerevan 0082 Armenia"
Tavern Ani,4.0,22 reviews,"40.179943,44.522552",
Snezhinka,3.0,5 reviews,"40.183128,44.519634",
Triumph,3.5,28 reviews,"40.188385,44.519817",
Pandok N1,No rating,0 reviews,"40.170044,44.507523",
Florence Restaurant,4.5,33 reviews,"40.194504,44.481319",
Tonrashkhar,5.0,2 reviews,Not available,"Komitas ave 24/6, Yerevan 0012 Armenia"
La Casa Trattoria,No rating,0 reviews,"40.182629,44.514153",
Tarber,5.0,6 reviews,"40.178917,44.521492",
Salon Armenian Restaurant,4.0,107 reviews,"40.180649,44.515404",
Novella Music Hall,4.5,2 reviews,"40.182320,44.524918",
Viniro-Wine Cafe,2.0,1 review,"40.182758,44.514149",
Akhtamar Restaurant,5.0,3 reviews,"40.170181,44.516708",
ZaNaZaN,5.0,5 reviews,"40.186085,44.508106",
Yerevan Nights,3.5,16 reviews,"40.172508,44.498684",
Old School Pub,No rating,0 reviews,"40.182205,44.518105",
Bibar,5.0,5 reviews,"40.182949,44.516663",
Just Cafe,4.0,21 reviews,"40.181976,44.514473",
Time To Eat,5.0,1 review,"40.169765,44.507385",
Apres Meat Products,No rating,0 reviews,"40.178982,44.521786",
Paulaner,4.0,108 reviews,"40.190117,44.515522",
Pepela Lounge-Bar,No rating,0 reviews,Not available,"Mashtoc 40, Yerevan 0002 Armenia"
Shokoladnitsa,3.0,19 reviews,Not available,"10.Tumanyan str. 34/6, Yerevan 0060 Armenia"
Karas - Auto,5.0,3 reviews,"40.190498,44.462963",
Dos Amigos Hot Wings,No rating,0 reviews,"40.186409,44.513214",
Elvis Cafe,4.0,2 reviews,"40.175674,44.521645",
Claude Monet Yerevan,No rating,0 reviews,"40.174961,44.521725",
Tumanyan Khinkali,4.5,"1,574 reviews","40.183182,44.516136",
Taroni Ojakh,No rating,0 reviews,"40.182720,44.498981",
Kavkazskaya Plennitsa,3.5,83 reviews,"40.182220,44.520954",
CAFE MAXIMUM,No rating,0 reviews,Not available,"13 Nikoghayos Adonts St, Yerevan 0014 Armenia"
Anoush Restaurant,4.5,375 reviews,"40.179390,44.509251",
Borgia,No rating,0 reviews,Not available,"Republic Square, Government House 2, Yerevan 0001 Armenia"
Dargett Craft Beer,4.5,510 reviews,"40.183640,44.508110",
Indian Mehak Restaurant & Bar,5.0,375 reviews,"40.199318,44.536457",
Akori,5.0,133 reviews,"40.186649,44.486786",
Panatsea Cafe & Restaurant,5.0,6 reviews,Not available,"Zakyana St., 8, Yerevan 375001 Armenia"
Pandok Mets Hayq,4.5,7 reviews,"40.162498,44.512424",
Family House,5.0,76 reviews,"40.180634,44.507488",
Mane Garden Restaurant,5.0,2 reviews,"40.180065,44.502579",
Pizza di Roma,2.5,40 reviews,Not available,"Abovyan str. 1, Yerevan 0010 Armenia"
Tavern Yerevan,5.0,966 reviews,"40.188828,44.521564",
Avenue by L'Orange,4.5,33 reviews,"40.182255,44.515438",
Jaco Restaurant,4.0,13 reviews,"40.202328,44.494610",
Lahmajun Gaidz,4.5,70 reviews,"40.179859,44.519604",
Tavern Yerevan,4.5,361 reviews,"40.178814,44.501747",
Genacvale Pandok,4.5,9 reviews,"40.185047,44.524097",
Old Jrvezh Armenia,4.5,63 reviews,"40.191261,44.588612",
Bordi Restaurant,No rating,0 reviews,Not available,"Riverbank Road, Yerevan 0013 Armenia"
Cafe Delice,4.5,11 reviews,"40.191982,44.505405",
Yasmine Restaurant,5.0,18 reviews,Not available,"Gazar Parpyettsi str. 26, Yerevan 0002 Armenia"
Grill Point,5.0,3 reviews,Not available,"Northern Avenue 10/1, Yerevan 0013 Armenia"
Parking,4.5,2 reviews,"40.187202,44.515209",
BlackFish SushiDelivery,No rating,0 reviews,"40.133091,44.530090",
Straus Business Cafe,5.0,4 reviews,"40.173840,44.505684",
Beatles Pub Yerevan,4.5,23 reviews,"40.185432,44.509026",
Art Lunch Mergelyan branch,No rating,0 reviews,"40.179615,44.525181",
Coffee ROOM,No rating,0 reviews,"40.199692,44.565502",
Yellow YERAZ,No rating,0 reviews,"40.178230,44.515453",
Baba Ghanouj,No rating,0 reviews,"40.183804,44.500576",
The Capital,No rating,0 reviews,"40.184830,44.512043",
Ouloung Restaurant-Club,4.5,7 reviews,"40.178780,44.500175",
Hacker Pschorr Munchen Grill House Yerevan,4.0,29 reviews,"40.190254,44.515144",
Rio Bar,5.0,5 reviews,"40.186401,44.507435",
Livingston Restaurant,5.0,76 reviews,"40.188568,44.483521",
Ai Leoni Bar Ristorante Italiano,4.5,55 reviews,"40.186611,44.511639",
Vincent Lobby Bar,No rating,0 reviews,"40.175423,44.508812",
Local's Coffee & Eatery,4.5,11 reviews,"40.155060,44.499634",
SANTAFE,4.0,17 reviews,"40.187962,44.515251",
Genacvale Pandok,4.5,81 reviews,"40.195248,44.488300",
Jazzve Cafe,3.5,207 reviews,"40.186829,44.510998",
Pahest33,3.5,28 reviews,"40.187874,44.515724",
Caucasus Tavern,4.0,100 reviews,"40.179527,44.522751",
2 Lives,No rating,0 reviews,"40.187199,44.512436",
Wine Republic,4.5,454 reviews,"40.189259,44.516045",
Centrico Cascade,4.5,2 reviews,"40.189480,44.513935",
Katsa,5.0,361 reviews,"40.178684,44.504875",
OPERA Club-Restaurant,No rating,0 reviews,"40.186302,44.515175",
Soul Kitchen Yerevan,5.0,1 review,"40.183605,44.510677",
Buffalo Grill Bar,4.0,36 reviews,"40.178329,44.520481",
Peacock Cafe,4.5,9 reviews,"40.181969,44.514469",
"Hugo Bar, Restaurant & Cafe",4.5,22 reviews,"40.180134,44.515621",
Nubara Family Restaurant,5.0,15 reviews,"40.216599,44.577007",
KAV Restaurant and Guest House,5.0,5 reviews,"40.176598,44.493519",
Ararat View-Garden,No rating,0 reviews,"40.175331,44.557949",
Malkhas Jazz Club.,4.0,334 reviews,"40.184265,44.510460",
Sushi Salon,No rating,0 reviews,"40.197197,44.518955",
La Cucina,4.5,130 reviews,"40.185287,44.517658",
Cafe Komitas,4.5,3 reviews,Not available,"Komitas ave 54/8, Yerevan 0051 Armenia"
Strand Cafe,No rating,0 reviews,Not available,"Cascade, Yerevan 0013 Armenia"
Buono la Cucina Italiana,5.0,6 reviews,Not available,"Cascade, Tamanyan 1/1, Yerevan 0052 Armenia"
Hookah Boss,4.0,9 reviews,"40.187202,44.509457",
54 Hookah & More,5.0,2 reviews,"40.188984,44.514980",
Baker Maker,4.0,3 reviews,Not available,"Mashtots M. ave 22/68, Yerevan 0002 Armenia"
HOUL,5.0,7 reviews,"40.171799,44.511890",
Ilmio,4.5,3 reviews,Not available,"10/1 North Avenue, Yerevan 0001 Armenia"
Shirvan Persian Halal Restaurant,4.0,22 reviews,"40.183205,44.516327",
The Key,5.0,3 reviews,"40.184616,44.509563",
Jano Restaurant,4.5,31 reviews,"40.159775,44.511906",
Rock.n.Bite,5.0,2 reviews,"40.182774,44.520733",
Qarvansara,4.5,2 reviews,Not available,"Anrapyetutsyan str. 79, Yerevan 0001 Armenia"
Roomz,4.5,5 reviews,"40.182266,44.513451",
Hookah Place Yerevan,5.0,9 reviews,"40.187477,44.513664",
Montale Lounge Cafe,4.0,20 reviews,"40.184792,44.514801",
Art Lunch (Payte Tnak),No rating,0 reviews,"40.180614,44.518616",
Latar Restaurant,3.5,7 reviews,"40.216423,44.439240",
Eden Cafe Pub,4.5,60 reviews,"40.189171,44.515190",
Tashir Pizza,3.0,127 reviews,"40.189041,44.517899",
Noyan Restaurant,4.5,27 reviews,"40.185303,44.510750",
Provence Cafe Restaurant,4.5,50 reviews,"40.180813,44.515503",
FABER GE CAFE Boutique,4.0,11 reviews,"40.184406,44.510311",
Ani Plaza Hotel,3.0,1 review,Not available,"19 Sayat-Nova Avenue, Yerevan 0001 Armenia"
AURA Tavern,No rating,0 reviews,"40.199936,44.493645",
Aragast,4.0,6 reviews,"40.188393,44.519196",
Old Monument Restaurant,No rating,0 reviews,"40.199589,44.521191",
Fourchette Buffet,4.0,23 reviews,"40.186966,44.513641",
Mary's Kitchen Burgers,4.0,1 review,"40.185398,44.508579",
Yeraz,4.0,4 reviews,"40.219574,44.529976",
Renoir,No rating,0 reviews,"40.185734,44.520882",
Pizza Toria Yerevan,4.0,78 reviews,"40.182266,44.517944",
Cactus Restaurant,4.5,171 reviews,"40.184902,44.512936",
Blue Sky,5.0,6 reviews,"40.197559,44.519073",
Bellavista Italia,5.0,6 reviews,"40.183662,44.514603",
Enoteca EVN,4.5,69 reviews,"40.182537,44.513142",
Smoothie,No rating,0 reviews,"40.183796,44.519184",
Cafe Aznavour,5.0,1 review,"40.204346,44.517097",
Blueberry,5.0,3 reviews,"40.181110,44.516109",
KFC,4.5,23 reviews,"40.205757,44.505077",
Karas National Food Chain,5.0,63 reviews,"40.182720,44.516678",
Beijing,3.0,12 reviews,"40.178856,44.515114",
DOC Therapy Bar,5.0,9 reviews,"40.181320,44.514847",
Pizza Tun,4.0,1 review,Not available,"Anrapyetutsyan str. 78, Yerevan 0001 Armenia"
Achajour Cafe,4.0,58 reviews,"40.190952,44.506428",
Chaman Home-Restaurant,5.0,14 reviews,"40.179413,44.502239",
BAR-BAR Bar and Restaurant,4.5,9 reviews,"40.180969,44.510086",
Tapastan,4.5,303 reviews,"40.186771,44.508747",
Rooms by Famous,No rating,0 reviews,"40.184086,44.526688",
Chez Hratch,5.0,90 reviews,"40.185585,44.511250",
Barrrut,5.0,1 review,"40.179768,44.520889",
Tap Station,4.0,12 reviews,"40.178329,44.511017",
Safran restaurant,4.0,50 reviews,"40.176060,44.514713",
The Loft  Cocktails Hookah Hause,5.0,3 reviews,"40.173744,44.516533",
Vegas Restaurant Seafood & More,5.0,13 reviews,"40.178844,44.521626",
Greek House,5.0,1 review,"40.172672,44.511227",
Tasty Indian Restaurant,No rating,0 reviews,"40.211685,44.524357",
Bertiz Cafeteria & Restaurant,4.0,7 reviews,"40.182941,44.512348",
DO RE MI,5.0,1 review,"40.186115,44.525829",
MGM Restaurant,No rating,0 reviews,"40.191566,44.588593",
Philly Steak & More,No rating,0 reviews,Not available,"Komitas ave 20, Yerevan 0012 Armenia"
Vernatun,4.0,23 reviews,"40.179798,44.516525",
Genacvale Pandok,4.5,4 reviews,"40.206139,44.500683",
Tumanyan Shaurma,4.5,3 reviews,"40.171871,44.513172",
Mr. Hookah,4.5,21 reviews,"40.181282,44.507214",
Rooby Cafe Cascade,4.0,32 reviews,"40.189919,44.515831",
Sanat Famiglia Butcher Shop,No rating,0 reviews,Not available,"7.Sayat Nova str., Yerevan 0060 Armenia"
Karas,4.0,13 reviews,"40.154823,44.500015",
The Club Yerevan,4.5,694 reviews,"40.186474,44.511944",
Tavern Melnitsa,3.5,51 reviews,"40.178909,44.523872",
Kamoun.Am,5.0,1 review,"40.178280,44.509384",
Lavash Restaurant Yerevan,5.0,"2,818 reviews","40.182999,44.516357",
Odalen,5.0,18 reviews,"40.215294,44.493645",
Tsar Semga,5.0,4 reviews,Not available,"10.Tumanyan str. 14, Yerevan 0060 Armenia"
Nathan's Famous Armenia,No rating,0 reviews,"40.155331,44.499901",
The Old House,4.5,80 reviews,"40.178741,44.515175",
Segafredo Zanetti Espresso,4.0,88 reviews,"40.183857,44.514996",
Ristorante Marina Stile Italiano,4.0,15 reviews,"40.189384,44.514717",
My Burger by Metelitsa,4.0,1 review,Not available,"Mesrop Mashtots Ave., 22 Missak Manousian Park, Yerevan 0002 Armenia"
Sushi Kushi,3.5,6 reviews,"40.182949,44.516663",
Voskevaz Wine Time,4.5,80 reviews,"40.186695,44.508724",
Smoking Chef Grill & Wine,4.5,120 reviews,"40.185760,44.507915",
Rena Restaurant,4.5,2 reviews,"40.154533,44.484039",
Kantegh Restaurant Complex,4.0,5 reviews,"40.176929,44.507084",
Tbiliso Restaurant,4.0,15 reviews,"40.179924,44.502728",
The Corner Cafe,4.5,10 reviews,"40.184097,44.516167",
Pome Tree,5.0,55 reviews,"40.179832,44.510605",
Eastern Cuisine,3.5,24 reviews,"40.202057,44.496758",
Bazaar Restaurant,5.0,13 reviews,"40.181068,44.514740",
Bulldog Pub,4.5,4 reviews,"40.187023,44.512199",
2nd Floor,4.5,37 reviews,"40.180946,44.515476",
Art Lunch,No rating,0 reviews,"40.187260,44.516876",
AnnCake,5.0,5 reviews,"40.180489,44.520420",
Charlie Public House,5.0,22 reviews,"40.186367,44.513557",
Diamond Restaurant,3.5,122 reviews,"40.179165,44.513180",
Suteki Sushi Bar,5.0,2 reviews,"40.174339,44.510323",
Aries Lunch Modern Lunch Hall,No rating,0 reviews,Not available,"Bagramyan Marshal ave 40 American University of Armenia, Yerevan 0019 Armenia"
Kebabistan,5.0,2 reviews,"40.185528,44.511234",
Shame GastroBar,5.0,89 reviews,"40.178825,44.506302",
LUPIN Boba,No rating,0 reviews,"40.205074,44.504425",
Art Lunch,No rating,0 reviews,"40.197231,44.493622",
Labeerint Beer Restaurant,3.0,23 reviews,"40.186520,44.512653",
Lamadjo House,No rating,0 reviews,"40.179951,44.512184",
Don Fish Restaurant,No rating,0 reviews,"40.206562,44.574150",
Amar Cafe And Rest Area,5.0,3 reviews,"40.189762,44.499779",
Ginovkats Wine House,3.5,37 reviews,"40.182236,44.515610",
Cafe XV,4.5,34 reviews,"40.180080,44.511379",
Eat Meat Restaurant,No rating,0 reviews,"40.189934,44.520416",
Canvas Art House,4.5,15 reviews,Not available,"Teryan St., 25 Northern Avenue, Yerevan 0001 Armenia"
Tufenkian Kharpert Restaurant,4.5,133 reviews,"40.176701,44.516716",
ReeBeer,No rating,0 reviews,Not available,"Arshakunyats ave 30/15, Yerevan 0026 Armenia"
Empire Hookah Lounge,5.0,5 reviews,"40.184017,44.513641",
TAKAR Restaurant,5.0,1 review,Not available,"3 Movses Khorenatsi Street, Yerevan 0015 Armenia"
One Yerevan Gastro pub,5.0,7 reviews,"40.184597,44.512001",
Hookah Boss,5.0,1 review,"40.187405,44.509609",
Tumanyan Shaurma,4.0,1 review,"40.155563,44.499371",
Restaurant Seasons,4.5,71 reviews,"40.182331,44.509022",
Dine Sky,5.0,6 reviews,"40.157681,44.501526",
L'Orange Azur,5.0,13 reviews,"40.188374,44.517990",
Goody's Burger House Armenia,4.0,27 reviews,"40.180618,44.514225",
Saykimchi,No rating,0 reviews,"40.186466,44.512596",
Yasaman Yerevan's Restaurant,4.5,31 reviews,"40.184586,44.507744",
Arvestanots Art Cafe,5.0,2 reviews,"40.182209,44.518093",
Avtobus Cafe,5.0,2 reviews,"40.178234,44.514622",
Hookah Place,4.5,9 reviews,"40.187130,44.513573",
Татик Папик,4.0,7 reviews,"40.176857,44.517788",
Tashir Pizza,3.0,23 reviews,"40.180832,44.514572",
Arvasar,No rating,0 reviews,Not available,"Tichina Pavlo str. 300/1, Yerevan 0065 Armenia"
La Fayette Restaurant,5.0,39 reviews,"40.185780,44.548588",
Sayat-Nova Tavern,5.0,44 reviews,"40.177433,44.526966",
Station Pub,5.0,7 reviews,"40.185371,44.511051",
Ace of Spades Bar & Grill,5.0,36 reviews,"40.186954,44.512188",
Gamardzhoba,4.5,8 reviews,"40.187004,44.513607",
New Spidag,5.0,2 reviews,"40.188259,44.513950",
Eight18n Cocktail Bar & Bites,5.0,21 reviews,"40.187359,44.510242",
Aleppo Cuisine,No rating,0 reviews,"40.184208,44.513512",
Tsirani Garden Restaurant,4.5,210 reviews,"40.229450,44.598133",
Mandaloun,4.5,11 reviews,"40.179428,44.516991",
Garun Healthy Food Cafe,5.0,80 reviews,"40.182751,44.517017",
Say Cheese,5.0,152 reviews,"40.183033,44.504517",
Twelve Tables,5.0,48 reviews,"40.186943,44.512169",
Jazzve,3.0,32 reviews,"40.185162,44.514286",
Taboule Lebanese Restaurant,4.5,106 reviews,"40.176476,44.505749",
Parvana,3.5,76 reviews,"40.189335,44.493031",
Shirak Restaurant,4.0,14 reviews,"40.177296,44.508011",
Jean-Paul Existential Cafe,4.5,18 reviews,"40.180595,44.512436",
Vienna ribs,4.5,86 reviews,"40.183865,44.504875",
Martiros,4.5,35 reviews,"40.186962,44.508862",
dors city point,5.0,4 reviews,"40.189785,44.515038",
Shawarma Land,No rating,0 reviews,"40.183098,44.510418",
Zhinglyanov Hats,4.5,223 reviews,"40.187004,44.519478",
Areni Pandok,4.5,2 reviews,Not available,"Tumanyan O. str. 1, Yerevan 0001 Armenia"
Noyan Tun,4.5,91 reviews,"40.180752,44.508488",
Picasso Yerevan,5.0,71 reviews,"40.181889,44.511452",
Oliva Restaurant,4.5,34 reviews,"40.182140,44.511452",
jrvej Tavern,5.0,3 reviews,"40.186623,44.603939",
Arvasar,4.0,11 reviews,Not available,"Amiryan str. 27, Yerevan 0002 Armenia"
Anteb,4.5,342 reviews,"40.181950,44.511501",
Go Green Armenia,5.0,1 review,"40.218018,44.573856",
ATTOR Buffet & Restaurant,No rating,0 reviews,"40.174850,44.514030",
37 Beer And Meat,4.5,93 reviews,"40.185841,44.513500",
Mayrig Yerevan,4.5,151 reviews,"40.180202,44.511086",
Ararat Restaurant,4.0,83 reviews,"40.178093,44.512665",
Glamour Cafe,3.5,2 reviews,Not available,"Sayat Nova Avenue Next to the Opera building, Yerevan Armenia"
El Torro,5.0,1 review,"40.186760,44.508457",
Beer Yard,No rating,0 reviews,"40.144604,44.533810",
Magic Doors,4.5,12 reviews,"40.184315,44.510052",
Americano Fun Center,No rating,0 reviews,Not available,"Teryan 55/1 Near Karapi Lich, Yerevan 0001 Armenia"
Derian Restaurant,4.5,84 reviews,"40.175949,44.517059",
Paparazzi Cafe,4.5,33 reviews,"40.181274,44.515820",
Sandwich House,4.5,6 reviews,"40.188015,44.513905",
Studio Cafe,4.5,43 reviews,"40.189941,44.515640",
Art Lunch,4.0,6 reviews,"40.179615,44.525181",
Sayat-Nova Complex,4.5,3 reviews,Not available,"Sayat Novy str. 33/2, Yerevan 0001 Armenia"
Back To Black,5.0,3 reviews,"40.178669,44.514973",
Fourchette Buffet,5.0,1 review,"40.180386,44.508747",
Life Cafe,5.0,2 reviews,"40.179813,44.523258",
Pomidoro,5.0,9 reviews,"40.206596,44.512661",
Pastrami,5.0,55 reviews,"40.185936,44.512806",
Tomas Smokey Ribs,3.5,49 reviews,"40.177135,44.517273",
Beijing Cascade,3.0,26 reviews,"40.188763,44.515713",
Nash Fayton,5.0,1 review,Not available,"Teryan St., 3, Yerevan 0014 Armenia"
Bora Bora Show Club,5.0,1 review,"40.185219,44.516087",
Burger Pub,4.0,1 review,"40.186241,44.518887",
Flavours of India,4.5,4 reviews,"40.199142,44.518665",
Vanatour Restaurant,5.0,2 reviews,"40.188301,44.594395",
Caffetoria,No rating,0 reviews,Not available,"In Yeryevantsi str. 2, Yerevan 0001 Armenia"
Koriz Restaurant,5.0,19 reviews,"40.220425,44.573383",
Casa Nostra,5.0,32 reviews,"40.183243,44.507114",
Cafe Champagne,5.0,5 reviews,"40.184082,44.511154",
EL Garden,4.5,627 reviews,"40.186691,44.481380",
KONG Cafe & Cocktail Room,5.0,30 reviews,"40.180943,44.515442",
StarBus Coffee,5.0,6 reviews,"40.185036,44.510208",
Navavar & Jean-Paul Existential Cafe,4.5,53 reviews,"40.180618,44.512451",
Feyrouz,No rating,0 reviews,"40.179382,44.513668",
Cheesy Cafe,4.5,95 reviews,"40.183025,44.514774",
CRUMBS Bread Factory,4.5,532 reviews,"40.186291,44.513645",
Hookahtown Lounge/Cafe,5.0,2 reviews,"40.181900,44.517139",
Dragon Garden,4.5,95 reviews,"40.183823,44.508015",
Vahakni Restaurant,4.5,11 reviews,"40.220451,44.457272",
"""TAO"" Chinese and Japanese Cuisine Restaurant",4.0,29 reviews,"40.179840,44.521076",
Bisquit Dessert Bar,No rating,0 reviews,"40.212780,44.522339",
Antarayin Dzayner,No rating,0 reviews,"40.203606,44.501217",
Granada,5.0,2 reviews,"40.180115,44.515682",
Art Lunch,No rating,0 reviews,"40.205917,44.521400",
No Sugar,No rating,0 reviews,"40.180824,44.519871",
Atmosphere Cafe,3.5,7 reviews,"40.183582,44.513008",
King Garden,5.0,4 reviews,"40.177433,44.526405",
GotCha Boba Bar,4.5,4 reviews,"40.192417,44.515514",
Charles Cafe & Restaurant,4.5,189 reviews,"40.189899,44.515446",
Natura Gold,4.0,38 reviews,"40.182964,44.517624",
Abovyan 23 Parisienne,4.0,1 review,"40.185539,44.520557",
4TEEN Cafe and Restaurant,5.0,1 review,"40.180164,44.527351",
Grill House,3.5,11 reviews,"40.180183,44.510773",
Fish House,4.5,51 reviews,"40.183865,44.515068",
Hacatun 73,5.0,1 review,"40.159393,44.429054",
Tospia Restaurant,4.5,362 reviews,"40.182919,44.517082",
Big Book,5.0,2 reviews,"40.189335,44.521633",
Tetley Tea-House,5.0,2 reviews,Not available,"Sayat Novy str. 15, Yerevan 0001 Armenia"
Munchies,No rating,0 reviews,"40.181328,44.516048",
The Green Bean,4.5,537 reviews,"40.180164,44.509079",
Kuj Restaurant,4.5,15 reviews,"40.203869,44.501766",
Doka-Pizza,4.0,2 reviews,Not available,"Sayat Novy str. 26, Yerevan 0001 Armenia"
Mer Taghe,4.5,193 reviews,"40.183300,44.516216",
Roof Cafe & Restaurant,4.0,2 reviews,"40.142365,44.522453",
Marshal Music Pub,1.0,1 review,"40.189163,44.512962",
Arevik Lounge,5.0,3 reviews,"40.199467,44.514179",
Sasnatun,4.0,18 reviews,"40.173168,44.511223",
CEO3,4.5,70 reviews,"40.189285,44.514297",
Elen Restaurant,4.5,29 reviews,"40.180828,44.506939",
Sinatra Restaurant,5.0,7 reviews,"40.189251,44.512379",
Muraba,5.0,12 reviews,"40.188236,44.512192",
Classic Burger Yerevan,5.0,15 reviews,"40.182552,44.514008",
Selfie,4.0,1 review,Not available,"Khanjyan St.,2/9, Yerevan Armenia"
Dolmama Restaurant,4.5,914 reviews,"40.180492,44.515926",
Restaurant Araks Old House,4.5,27 reviews,"40.183174,44.516041",
Surf Yerevan,5.0,4 reviews,"40.189167,44.516994",
Tiezerq Jamanci Kentron Karaoke,No rating,0 reviews,Not available,"Komitas ave 30, Yerevan 0012 Armenia"
Since 13 Coffee Center,No rating,0 reviews,Not available,"Freedom Sq., Yerevan Armenia"
Wild West Pub,5.0,30 reviews,"40.185505,44.516926",
Ice Pack,4.0,2 reviews,Not available,"Abovyan str. 2/5, Yerevan 0010 Armenia"
Voske Pataraqagh,No rating,0 reviews,"40.178185,44.501080",
Havana Restaurant & Club,5.0,289 reviews,"40.190350,44.480988",
Lido Restaurant,5.0,1 review,Not available,"Ayvazovski 197, Yerevan Armenia"
Tumanyan Shaurma,No rating,0 reviews,"40.197025,44.567696",
KARS,5.0,10 reviews,"40.188610,44.522499",
Ktoor,4.5,5 reviews,"40.183899,44.504852",
Ost Food Court,5.0,4 reviews,"40.186077,44.507530",
Lunch House,5.0,19 reviews,"40.187637,44.521252",
Grammy Hall,5.0,1 review,"40.181866,44.516586",
Original Buffalo Wings,5.0,5 reviews,Not available,"19 Teryan st, Yerevan 0002 Armenia"
EVN Diner,5.0,15 reviews,"40.186852,44.512142",
Gusan Pandok Restaurant,3.5,2 reviews,Not available,"Bagramyan Marshal ave 19/1, Yerevan 0019 Armenia"
Beer Academy,4.5,154 reviews,"40.188721,44.518280",
Taj Indian Restaurant,No rating,0 reviews,"40.208008,44.508728",
Arshavner Club,5.0,5 reviews,"40.181511,44.512745",
Croissant,4.5,3 reviews,Not available,"Avag Petrossian Street 18/58, Yerevan 0013 Armenia"
The VIEW Lounge,4.0,4 reviews,"40.182777,44.515171",
India Palace,4.5,56 reviews,"40.178814,44.510506",
Podwall,5.0,7 reviews,"40.184113,44.511196",
Depot by Voodoo,5.0,8 reviews,"40.188179,44.511314",
Tamzara,4.5,7 reviews,"40.176216,44.514553",
Yerankyuni Home-Restaurant,5.0,1 review,"40.190758,44.474316",
Bakeriez,No rating,0 reviews,"40.188011,44.511524",
Old Erivan,No rating,0 reviews,"40.184181,44.514565",
Persepolis Persian Restaurant And Lounge Bar,4.0,7 reviews,Not available,"19/1 Sayat Nova Avenue, Yerevan 0001 Armenia"
That Place,1.5,4 reviews,Not available,"Northern Ave. 6, Yerevan Armenia Under VivaCell, Yerevan 0010 Armenia"
44 Venue,5.0,6 reviews,"40.183311,44.511997",
Mint,5.0,1 review,"40.182644,44.520412",
Vostan Restaurant,4.5,212 reviews,"40.180065,44.514950",
Astral Cafe,4.5,8 reviews,"40.185150,44.516106",
Halebi Napoli Pour,5.0,1 review,"40.169689,44.517570",
Liban,4.5,136 reviews,"40.177540,44.507416",
Adzoukh,5.0,282 reviews,"40.180660,44.510017",
12 Ktor Pizza,3.5,11 reviews,"40.179985,44.507133",
Qaghaqic Durs Restaurant,5.0,3 reviews,"40.179817,44.502636",
Givi 2 Me Georgian Cuisine,4.5,56 reviews,"40.186272,44.516655",
Sophiste,5.0,29 reviews,"40.188847,44.514984",
Bourj Hammoud,5.0,8 reviews,"40.188969,44.513138",
Jerevan,5.0,5 reviews,Not available,"Moskovyan 31, Yerevan Armenia"
Sushi Toria Yerevan,4.0,60 reviews,"40.186153,44.516567",
Arshavner Akumb Cafe & Pub,5.0,1 review,Not available,"Teryan Street, 3, Yerevan Armenia"
Centro Cafe,No rating,0 reviews,"40.182850,44.509045",
Cafe Central,4.5,201 reviews,"40.184921,44.520710",
Jan Burger,5.0,1 review,"40.183784,44.508141",
Merlot Wine Restaurant,No rating,0 reviews,"40.183029,44.514500",
Cantaloupe pub,4.5,4 reviews,Not available,"Pushkin Str, Yerevan Armenia"
NewTone Park,5.0,1 review,"40.205395,44.479969",
Bel Etage,4.5,91 reviews,"40.187298,44.514011",
Valensia Restaurant,5.0,1 review,"40.206207,44.561100",
Karas,4.0,136 reviews,"40.179039,44.513451",
Barocco Hall,5.0,4 reviews,"40.184204,44.496460",
dors craft beer & kitchen,5.0,135 reviews,"40.180470,44.510857",
Amigos Tacos,No rating,0 reviews,Not available,"Tigran Petrosyan St., 41/1, Yerevan 0009 Armenia"
Pizza E Vino,No rating,0 reviews,Not available,"Vagharshyan St.,18, Yerevan 0012 Armenia"
Kyoto Lounge Yerevan,4.0,31 reviews,"40.186138,44.512501",
Karas Tumanyan,No rating,0 reviews,"40.182720,44.516678",
Jockey Restaurant & Cafe,2.0,1 review,"40.148865,44.451328",
Kilikia Beerhouse,4.5,60 reviews,"40.180660,44.515301",
Melody Cafe and Restaurant - Meghedi,4.0,18 reviews,Not available,"Mashtots Ave Opera Square / Svobody Square, Yerevan Armenia"
Tavern Yerevan,4.5,"2,508 reviews","40.179108,44.510284",
Cafe de Flore,No rating,0 reviews,"40.179985,44.524227",
Epicure,4.5,54 reviews,"40.182701,44.512901",
Mamoor Restaurant,4.5,110 reviews,"40.181080,44.515987",
Artbridge,4.5,11 reviews,"40.182728,44.518082",
Bianco,No rating,0 reviews,"40.184330,44.520081",
Al Shadi,4.5,7 reviews,Not available,"Nalbandyan str. 48, Yerevan 0010 Armenia"
Aries Lunch AUA Business Center,4.0,7 reviews,"40.176933,44.524448",
WineRest,No rating,0 reviews,"40.187542,44.509956",
Pilsner House,4.0,12 reviews,Not available,"Mashtots M. ave 52, Yerevan 0009 Armenia"
Dvin restaurant,4.0,2 reviews,"40.182949,44.516663",
Dom By Eg,3.0,12 reviews,"40.186722,44.508533",
At Gayane's,4.5,140 reviews,"40.186707,44.509903",
Pitsa Pazta,5.0,1 review,"40.181187,44.518265",
Harich Restaurant,No rating,0 reviews,"40.203728,44.528912",
Art Lunch,No rating,0 reviews,"40.189022,44.523376",
Newbury Street,No rating,0 reviews,Not available,"Bagramyan Marshal ave 40, Yerevan 0019 Armenia"
Kamancha Restaurant,4.5,54 reviews,"40.184242,44.514088",
Gouroo Club & Garden,4.5,167 reviews,"40.186333,44.508404",
Lebanon,4.5,46 reviews,"40.189445,44.514980",
Crepe de Paris,5.0,1 review,Not available,"Teryan 19, Yerevan 0013 Armenia"
Karas national food chain,5.0,10 reviews,"40.154823,44.510113",
Fabrica,5.0,82 reviews,"40.186405,44.508659",
Central Park,4.5,3 reviews,Not available,"Gazar Parpyettsi str. 13/6, Yerevan 0002 Armenia"
8th Wonder Restaurant,3.5,5 reviews,"40.180462,44.496807",
Tumanyan Shaurma,No rating,0 reviews,"40.206612,44.512936",
Casa de Espana,4.5,36 reviews,"40.188511,44.518089",
Pepper Burger Bar,4.5,9 reviews,"40.185093,44.510548",
Tashir Pizza,2.0,1 review,"40.174335,44.510445",
Tavern Yerevan Riverside,5.0,233 reviews,"40.172729,44.498272",
Club Burger,No rating,0 reviews,"40.188435,44.521515",
